-- Adminer 4.3.1 MySQL dump

SET NAMES utf8;
SET time_zone = '+00:00';
SET foreign_key_checks = 0;
SET sql_mode = 'NO_AUTO_VALUE_ON_ZERO';

DROP TABLE IF EXISTS `filmy`;
CREATE TABLE `filmy` (
  `id_filmu` int(11) NOT NULL AUTO_INCREMENT,
  `nazev_filmu` varchar(255) CHARACTER SET latin1 NOT NULL,
  `pristupnost` int(11) NOT NULL,
  PRIMARY KEY (`id_filmu`)
) ENGINE=InnoDB DEFAULT CHARSET=utf8 COLLATE=utf8_unicode_ci;

INSERT INTO `filmy` (`id_filmu`, `nazev_filmu`, `pristupnost`) VALUES
(1,	'Podivný Experiment',	15),
(2,	'Strážci galaxie',	0),
(3,	'Hledá se nemo',	12),
(4,	'Nespoutaní',	12),
(5,	'Talon',	15),
(6,	'Havran',	12),
(7,	'Hobbit',	12);

DROP TABLE IF EXISTS `objednavky`;
CREATE TABLE `objednavky` (
  `id_objednavky` int(11) NOT NULL AUTO_INCREMENT,
  `id_zakaznika` int(11) NOT NULL,
  `id_programu` int(11) NOT NULL,
  `id_sedacky` int(11) NOT NULL,
  `id_status_sedacky` int(11) NOT NULL,
  `id_slevy` int(11) NOT NULL,
  PRIMARY KEY (`id_objednavky`),
  KEY `id_zakaznika` (`id_zakaznika`),
  KEY `id_programu` (`id_programu`),
  KEY `id_sedacky` (`id_sedacky`),
  KEY `id_status_sedacky` (`id_status_sedacky`),
  KEY `id_slevy` (`id_slevy`),
  CONSTRAINT `objednavky_ibfk_1` FOREIGN KEY (`id_zakaznika`) REFERENCES `zakaznici` (`id_zakaznika`),
  CONSTRAINT `objednavky_ibfk_2` FOREIGN KEY (`id_programu`) REFERENCES `program` (`id_programu`),
  CONSTRAINT `objednavky_ibfk_3` FOREIGN KEY (`id_zakaznika`) REFERENCES `zakaznici` (`id_zakaznika`),
  CONSTRAINT `objednavky_ibfk_4` FOREIGN KEY (`id_programu`) REFERENCES `program` (`id_programu`),
  CONSTRAINT `objednavky_ibfk_6` FOREIGN KEY (`id_status_sedacky`) REFERENCES `status_sedacky` (`id_status_sedacky`),
  CONSTRAINT `objednavky_ibfk_7` FOREIGN KEY (`id_slevy`) REFERENCES `slevy` (`id_slevy`)
) ENGINE=InnoDB DEFAULT CHARSET=latin1;


DROP TABLE IF EXISTS `program`;
CREATE TABLE `program` (
  `id_programu` int(11) NOT NULL AUTO_INCREMENT,
  `id_typu_promitani` int(11) NOT NULL,
  `jmeno_salu` int(11) NOT NULL,
  `id_filmu` int(11) NOT NULL,
  `datumcas` datetime NOT NULL,
  `cena` int(11) NOT NULL,
  `jazyk` varchar(255) NOT NULL,
  `konec_predprodeje` datetime NOT NULL,
  PRIMARY KEY (`id_programu`),
  KEY `id_salu` (`jmeno_salu`),
  KEY `id_filmu` (`id_filmu`),
  CONSTRAINT `program_ibfk_3` FOREIGN KEY (`id_filmu`) REFERENCES `filmy` (`id_filmu`)
) ENGINE=InnoDB DEFAULT CHARSET=latin1;

INSERT INTO `program` (`id_programu`, `id_typu_promitani`, `jmeno_salu`, `id_filmu`, `datumcas`, `cena`, `jazyk`, `konec_predprodeje`) VALUES
(46,	1,	1,	3,	'2018-04-23 12:00:00',	120,	'cz',	'2018-04-23 11:55:00'),
(48,	1,	2,	1,	'2018-04-22 19:00:00',	150,	'cz',	'2018-04-22 19:00:00'),
(49,	1,	3,	6,	'2018-04-13 12:00:00',	150,	'cz',	'2017-04-12 12:00:00'),
(53,	2,	6,	6,	'2018-04-22 19:00:00',	150,	'cz',	'2018-04-22 19:00:00'),
(56,	2,	4,	3,	'2018-04-13 17:00:00',	150,	'cz',	'2018-04-13 17:00:00'),
(57,	2,	1,	7,	'2018-04-20 12:00:00',	120,	'cz',	'2018-04-20 12:00:00');

DROP TABLE IF EXISTS `saly`;
CREATE TABLE `saly` (
  `jmeno_salu` varchar(255) NOT NULL,
  `rady` int(11) NOT NULL,
  `sloupce` tinyint(4) NOT NULL
) ENGINE=InnoDB DEFAULT CHARSET=latin1;

INSERT INTO `saly` (`jmeno_salu`, `rady`, `sloupce`) VALUES
('1',	10,	10),
('2',	15,	20),
('3',	15,	20),
('4',	10,	20),
('5',	3,	4),
('6',	2,	10);

DROP TABLE IF EXISTS `sedacky_program`;
CREATE TABLE `sedacky_program` (
  `id_sedacky` int(11) NOT NULL AUTO_INCREMENT,
  `id_promitani` int(11) NOT NULL,
  `jmeno_salu` int(11) NOT NULL,
  `id_status` int(11) NOT NULL,
  `rada` int(11) NOT NULL,
  `cislo_rada` int(11) NOT NULL,
  `id_zakaznika` int(11) NOT NULL,
  PRIMARY KEY (`id_sedacky`),
  KEY `jmeno_salu` (`jmeno_salu`)
) ENGINE=InnoDB DEFAULT CHARSET=utf8 COLLATE=utf8_unicode_ci;

INSERT INTO `sedacky_program` (`id_sedacky`, `id_promitani`, `jmeno_salu`, `id_status`, `rada`, `cislo_rada`, `id_zakaznika`) VALUES
(1052,	46,	1,	1,	1,	1,	0),
(1053,	46,	1,	1,	1,	2,	0),
(1054,	46,	1,	1,	1,	3,	0),
(1055,	46,	1,	1,	1,	4,	0),
(1056,	46,	1,	1,	1,	5,	0),
(1057,	46,	1,	1,	1,	6,	0),
(1058,	46,	1,	1,	1,	7,	0),
(1059,	46,	1,	1,	1,	8,	0),
(1060,	46,	1,	1,	1,	9,	0),
(1061,	46,	1,	1,	1,	10,	0),
(1062,	46,	1,	1,	2,	1,	0),
(1063,	46,	1,	1,	2,	2,	0),
(1064,	46,	1,	1,	2,	3,	0),
(1065,	46,	1,	1,	2,	4,	0),
(1066,	46,	1,	1,	2,	5,	0),
(1067,	46,	1,	1,	2,	6,	0),
(1068,	46,	1,	1,	2,	7,	0),
(1069,	46,	1,	1,	2,	8,	0),
(1070,	46,	1,	1,	2,	9,	0),
(1071,	46,	1,	1,	2,	10,	0),
(1072,	46,	1,	1,	3,	1,	0),
(1073,	46,	1,	1,	3,	2,	0),
(1074,	46,	1,	1,	3,	3,	0),
(1075,	46,	1,	1,	3,	4,	0),
(1076,	46,	1,	2,	3,	5,	3),
(1077,	46,	1,	1,	3,	6,	0),
(1078,	46,	1,	1,	3,	7,	0),
(1079,	46,	1,	1,	3,	8,	0),
(1080,	46,	1,	1,	3,	9,	0),
(1081,	46,	1,	1,	3,	10,	0),
(1082,	46,	1,	1,	4,	1,	0),
(1083,	46,	1,	1,	4,	2,	0),
(1084,	46,	1,	1,	4,	3,	0),
(1085,	46,	1,	1,	4,	4,	0),
(1086,	46,	1,	1,	4,	5,	0),
(1087,	46,	1,	1,	4,	6,	0),
(1088,	46,	1,	1,	4,	7,	0),
(1089,	46,	1,	1,	4,	8,	0),
(1090,	46,	1,	1,	4,	9,	0),
(1091,	46,	1,	1,	4,	10,	0),
(1092,	46,	1,	1,	5,	1,	0),
(1093,	46,	1,	1,	5,	2,	0),
(1094,	46,	1,	1,	5,	3,	0),
(1095,	46,	1,	1,	5,	4,	0),
(1096,	46,	1,	1,	5,	5,	0),
(1097,	46,	1,	1,	5,	6,	0),
(1098,	46,	1,	3,	5,	7,	5),
(1099,	46,	1,	1,	5,	8,	0),
(1100,	46,	1,	1,	5,	9,	0),
(1101,	46,	1,	1,	5,	10,	0),
(1102,	46,	1,	1,	6,	1,	0),
(1103,	46,	1,	1,	6,	2,	0),
(1104,	46,	1,	1,	6,	3,	0),
(1105,	46,	1,	2,	6,	4,	5),
(1106,	46,	1,	1,	6,	5,	0),
(1107,	46,	1,	1,	6,	6,	0),
(1108,	46,	1,	1,	6,	7,	0),
(1109,	46,	1,	1,	6,	8,	0),
(1110,	46,	1,	1,	6,	9,	0),
(1111,	46,	1,	1,	6,	10,	0),
(1112,	46,	1,	1,	7,	1,	0),
(1113,	46,	1,	1,	7,	2,	0),
(1114,	46,	1,	1,	7,	3,	0),
(1115,	46,	1,	1,	7,	4,	0),
(1116,	46,	1,	1,	7,	5,	0),
(1117,	46,	1,	1,	7,	6,	0),
(1118,	46,	1,	1,	7,	7,	0),
(1119,	46,	1,	1,	7,	8,	0),
(1120,	46,	1,	1,	7,	9,	0),
(1121,	46,	1,	1,	7,	10,	0),
(1122,	46,	1,	1,	8,	1,	0),
(1123,	46,	1,	1,	8,	2,	0),
(1124,	46,	1,	1,	8,	3,	0),
(1125,	46,	1,	1,	8,	4,	0),
(1126,	46,	1,	1,	8,	5,	0),
(1127,	46,	1,	1,	8,	6,	0),
(1128,	46,	1,	1,	8,	7,	0),
(1129,	46,	1,	1,	8,	8,	0),
(1130,	46,	1,	1,	8,	9,	0),
(1131,	46,	1,	1,	8,	10,	0),
(1132,	46,	1,	1,	9,	1,	0),
(1133,	46,	1,	1,	9,	2,	0),
(1134,	46,	1,	1,	9,	3,	0),
(1135,	46,	1,	1,	9,	4,	0),
(1136,	46,	1,	1,	9,	5,	0),
(1137,	46,	1,	1,	9,	6,	0),
(1138,	46,	1,	1,	9,	7,	0),
(1139,	46,	1,	1,	9,	8,	0),
(1140,	46,	1,	1,	9,	9,	0),
(1141,	46,	1,	1,	9,	10,	0),
(1142,	46,	1,	1,	10,	1,	0),
(1143,	46,	1,	1,	10,	2,	0),
(1144,	46,	1,	1,	10,	3,	0),
(1145,	46,	1,	1,	10,	4,	0),
(1146,	46,	1,	1,	10,	5,	0),
(1147,	46,	1,	1,	10,	6,	0),
(1148,	46,	1,	1,	10,	7,	0),
(1149,	46,	1,	1,	10,	8,	0),
(1150,	46,	1,	1,	10,	9,	0),
(1151,	46,	1,	1,	10,	10,	0),
(1152,	48,	2,	1,	1,	1,	0),
(1153,	48,	2,	1,	1,	2,	0),
(1154,	48,	2,	1,	1,	3,	0),
(1155,	48,	2,	1,	1,	4,	0),
(1156,	48,	2,	1,	1,	5,	0),
(1157,	48,	2,	1,	1,	6,	0),
(1158,	48,	2,	1,	1,	7,	0),
(1159,	48,	2,	1,	1,	8,	0),
(1160,	48,	2,	1,	1,	9,	0),
(1161,	48,	2,	1,	1,	10,	0),
(1162,	48,	2,	1,	1,	11,	0),
(1163,	48,	2,	1,	1,	12,	0),
(1164,	48,	2,	1,	1,	13,	0),
(1165,	48,	2,	1,	1,	14,	0),
(1166,	48,	2,	1,	1,	15,	0),
(1167,	48,	2,	1,	1,	16,	0),
(1168,	48,	2,	1,	1,	17,	0),
(1169,	48,	2,	1,	1,	18,	0),
(1170,	48,	2,	1,	1,	19,	0),
(1171,	48,	2,	1,	1,	20,	0),
(1172,	48,	2,	1,	2,	1,	0),
(1173,	48,	2,	1,	2,	2,	0),
(1174,	48,	2,	1,	2,	3,	0),
(1175,	48,	2,	1,	2,	4,	0),
(1176,	48,	2,	1,	2,	5,	0),
(1177,	48,	2,	1,	2,	6,	0),
(1178,	48,	2,	1,	2,	7,	0),
(1179,	48,	2,	1,	2,	8,	0),
(1180,	48,	2,	1,	2,	9,	0),
(1181,	48,	2,	1,	2,	10,	0),
(1182,	48,	2,	1,	2,	11,	0),
(1183,	48,	2,	1,	2,	12,	0),
(1184,	48,	2,	1,	2,	13,	0),
(1185,	48,	2,	1,	2,	14,	0),
(1186,	48,	2,	1,	2,	15,	0),
(1187,	48,	2,	1,	2,	16,	0),
(1188,	48,	2,	1,	2,	17,	0),
(1189,	48,	2,	1,	2,	18,	0),
(1190,	48,	2,	1,	2,	19,	0),
(1191,	48,	2,	1,	2,	20,	0),
(1192,	48,	2,	1,	3,	1,	0),
(1193,	48,	2,	1,	3,	2,	0),
(1194,	48,	2,	1,	3,	3,	0),
(1195,	48,	2,	1,	3,	4,	0),
(1196,	48,	2,	1,	3,	5,	0),
(1197,	48,	2,	1,	3,	6,	0),
(1198,	48,	2,	1,	3,	7,	0),
(1199,	48,	2,	1,	3,	8,	0),
(1200,	48,	2,	1,	3,	9,	0),
(1201,	48,	2,	1,	3,	10,	0),
(1202,	48,	2,	1,	3,	11,	0),
(1203,	48,	2,	1,	3,	12,	0),
(1204,	48,	2,	1,	3,	13,	0),
(1205,	48,	2,	1,	3,	14,	0),
(1206,	48,	2,	1,	3,	15,	0),
(1207,	48,	2,	1,	3,	16,	0),
(1208,	48,	2,	1,	3,	17,	0),
(1209,	48,	2,	1,	3,	18,	0),
(1210,	48,	2,	1,	3,	19,	0),
(1211,	48,	2,	1,	3,	20,	0),
(1212,	48,	2,	1,	4,	1,	0),
(1213,	48,	2,	1,	4,	2,	0),
(1214,	48,	2,	1,	4,	3,	0),
(1215,	48,	2,	1,	4,	4,	0),
(1216,	48,	2,	1,	4,	5,	0),
(1217,	48,	2,	1,	4,	6,	0),
(1218,	48,	2,	1,	4,	7,	0),
(1219,	48,	2,	1,	4,	8,	0),
(1220,	48,	2,	1,	4,	9,	0),
(1221,	48,	2,	1,	4,	10,	0),
(1222,	48,	2,	1,	4,	11,	0),
(1223,	48,	2,	1,	4,	12,	0),
(1224,	48,	2,	1,	4,	13,	0),
(1225,	48,	2,	1,	4,	14,	0),
(1226,	48,	2,	1,	4,	15,	0),
(1227,	48,	2,	1,	4,	16,	0),
(1228,	48,	2,	1,	4,	17,	0),
(1229,	48,	2,	1,	4,	18,	0),
(1230,	48,	2,	1,	4,	19,	0),
(1231,	48,	2,	1,	4,	20,	0),
(1232,	48,	2,	1,	5,	1,	0),
(1233,	48,	2,	1,	5,	2,	0),
(1234,	48,	2,	1,	5,	3,	0),
(1235,	48,	2,	1,	5,	4,	0),
(1236,	48,	2,	1,	5,	5,	0),
(1237,	48,	2,	1,	5,	6,	0),
(1238,	48,	2,	1,	5,	7,	0),
(1239,	48,	2,	1,	5,	8,	0),
(1240,	48,	2,	1,	5,	9,	0),
(1241,	48,	2,	1,	5,	10,	0),
(1242,	48,	2,	1,	5,	11,	0),
(1243,	48,	2,	1,	5,	12,	0),
(1244,	48,	2,	1,	5,	13,	0),
(1245,	48,	2,	1,	5,	14,	0),
(1246,	48,	2,	1,	5,	15,	0),
(1247,	48,	2,	1,	5,	16,	0),
(1248,	48,	2,	1,	5,	17,	0),
(1249,	48,	2,	1,	5,	18,	0),
(1250,	48,	2,	1,	5,	19,	0),
(1251,	48,	2,	1,	5,	20,	0),
(1252,	48,	2,	1,	6,	1,	0),
(1253,	48,	2,	1,	6,	2,	0),
(1254,	48,	2,	1,	6,	3,	0),
(1255,	48,	2,	1,	6,	4,	0),
(1256,	48,	2,	1,	6,	5,	0),
(1257,	48,	2,	1,	6,	6,	0),
(1258,	48,	2,	1,	6,	7,	0),
(1259,	48,	2,	1,	6,	8,	0),
(1260,	48,	2,	1,	6,	9,	0),
(1261,	48,	2,	1,	6,	10,	0),
(1262,	48,	2,	1,	6,	11,	0),
(1263,	48,	2,	1,	6,	12,	0),
(1264,	48,	2,	1,	6,	13,	0),
(1265,	48,	2,	1,	6,	14,	0),
(1266,	48,	2,	1,	6,	15,	0),
(1267,	48,	2,	1,	6,	16,	0),
(1268,	48,	2,	1,	6,	17,	0),
(1269,	48,	2,	1,	6,	18,	0),
(1270,	48,	2,	1,	6,	19,	0),
(1271,	48,	2,	1,	6,	20,	0),
(1272,	48,	2,	1,	7,	1,	0),
(1273,	48,	2,	1,	7,	2,	0),
(1274,	48,	2,	1,	7,	3,	0),
(1275,	48,	2,	1,	7,	4,	0),
(1276,	48,	2,	1,	7,	5,	0),
(1277,	48,	2,	1,	7,	6,	0),
(1278,	48,	2,	1,	7,	7,	0),
(1279,	48,	2,	1,	7,	8,	0),
(1280,	48,	2,	1,	7,	9,	0),
(1281,	48,	2,	1,	7,	10,	0),
(1282,	48,	2,	1,	7,	11,	0),
(1283,	48,	2,	1,	7,	12,	0),
(1284,	48,	2,	1,	7,	13,	0),
(1285,	48,	2,	1,	7,	14,	0),
(1286,	48,	2,	1,	7,	15,	0),
(1287,	48,	2,	1,	7,	16,	0),
(1288,	48,	2,	1,	7,	17,	0),
(1289,	48,	2,	1,	7,	18,	0),
(1290,	48,	2,	1,	7,	19,	0),
(1291,	48,	2,	1,	7,	20,	0),
(1292,	48,	2,	1,	8,	1,	0),
(1293,	48,	2,	1,	8,	2,	0),
(1294,	48,	2,	1,	8,	3,	0),
(1295,	48,	2,	1,	8,	4,	0),
(1296,	48,	2,	1,	8,	5,	0),
(1297,	48,	2,	1,	8,	6,	0),
(1298,	48,	2,	1,	8,	7,	0),
(1299,	48,	2,	1,	8,	8,	0),
(1300,	48,	2,	1,	8,	9,	0),
(1301,	48,	2,	1,	8,	10,	0),
(1302,	48,	2,	1,	8,	11,	0),
(1303,	48,	2,	1,	8,	12,	0),
(1304,	48,	2,	1,	8,	13,	0),
(1305,	48,	2,	1,	8,	14,	0),
(1306,	48,	2,	1,	8,	15,	0),
(1307,	48,	2,	1,	8,	16,	0),
(1308,	48,	2,	1,	8,	17,	0),
(1309,	48,	2,	1,	8,	18,	0),
(1310,	48,	2,	1,	8,	19,	0),
(1311,	48,	2,	1,	8,	20,	0),
(1312,	48,	2,	1,	9,	1,	0),
(1313,	48,	2,	1,	9,	2,	0),
(1314,	48,	2,	1,	9,	3,	0),
(1315,	48,	2,	1,	9,	4,	0),
(1316,	48,	2,	1,	9,	5,	0),
(1317,	48,	2,	1,	9,	6,	0),
(1318,	48,	2,	1,	9,	7,	0),
(1319,	48,	2,	1,	9,	8,	0),
(1320,	48,	2,	1,	9,	9,	0),
(1321,	48,	2,	1,	9,	10,	0),
(1322,	48,	2,	1,	9,	11,	0),
(1323,	48,	2,	1,	9,	12,	0),
(1324,	48,	2,	1,	9,	13,	0),
(1325,	48,	2,	1,	9,	14,	0),
(1326,	48,	2,	1,	9,	15,	0),
(1327,	48,	2,	1,	9,	16,	0),
(1328,	48,	2,	1,	9,	17,	0),
(1329,	48,	2,	1,	9,	18,	0),
(1330,	48,	2,	1,	9,	19,	0),
(1331,	48,	2,	1,	9,	20,	0),
(1332,	48,	2,	1,	10,	1,	0),
(1333,	48,	2,	1,	10,	2,	0),
(1334,	48,	2,	1,	10,	3,	0),
(1335,	48,	2,	1,	10,	4,	0),
(1336,	48,	2,	1,	10,	5,	0),
(1337,	48,	2,	1,	10,	6,	0),
(1338,	48,	2,	1,	10,	7,	0),
(1339,	48,	2,	1,	10,	8,	0),
(1340,	48,	2,	1,	10,	9,	0),
(1341,	48,	2,	1,	10,	10,	0),
(1342,	48,	2,	1,	10,	11,	0),
(1343,	48,	2,	1,	10,	12,	0),
(1344,	48,	2,	1,	10,	13,	0),
(1345,	48,	2,	1,	10,	14,	0),
(1346,	48,	2,	1,	10,	15,	0),
(1347,	48,	2,	1,	10,	16,	0),
(1348,	48,	2,	1,	10,	17,	0),
(1349,	48,	2,	1,	10,	18,	0),
(1350,	48,	2,	1,	10,	19,	0),
(1351,	48,	2,	1,	10,	20,	0),
(1352,	48,	2,	1,	11,	1,	0),
(1353,	48,	2,	1,	11,	2,	0),
(1354,	48,	2,	1,	11,	3,	0),
(1355,	48,	2,	1,	11,	4,	0),
(1356,	48,	2,	1,	11,	5,	0),
(1357,	48,	2,	1,	11,	6,	0),
(1358,	48,	2,	1,	11,	7,	0),
(1359,	48,	2,	1,	11,	8,	0),
(1360,	48,	2,	1,	11,	9,	0),
(1361,	48,	2,	1,	11,	10,	0),
(1362,	48,	2,	1,	11,	11,	0),
(1363,	48,	2,	1,	11,	12,	0),
(1364,	48,	2,	1,	11,	13,	0),
(1365,	48,	2,	1,	11,	14,	0),
(1366,	48,	2,	1,	11,	15,	0),
(1367,	48,	2,	1,	11,	16,	0),
(1368,	48,	2,	1,	11,	17,	0),
(1369,	48,	2,	1,	11,	18,	0),
(1370,	48,	2,	1,	11,	19,	0),
(1371,	48,	2,	1,	11,	20,	0),
(1372,	48,	2,	1,	12,	1,	0),
(1373,	48,	2,	1,	12,	2,	0),
(1374,	48,	2,	1,	12,	3,	0),
(1375,	48,	2,	1,	12,	4,	0),
(1376,	48,	2,	1,	12,	5,	0),
(1377,	48,	2,	1,	12,	6,	0),
(1378,	48,	2,	1,	12,	7,	0),
(1379,	48,	2,	1,	12,	8,	0),
(1380,	48,	2,	1,	12,	9,	0),
(1381,	48,	2,	1,	12,	10,	0),
(1382,	48,	2,	1,	12,	11,	0),
(1383,	48,	2,	1,	12,	12,	0),
(1384,	48,	2,	1,	12,	13,	0),
(1385,	48,	2,	1,	12,	14,	0),
(1386,	48,	2,	1,	12,	15,	0),
(1387,	48,	2,	1,	12,	16,	0),
(1388,	48,	2,	1,	12,	17,	0),
(1389,	48,	2,	1,	12,	18,	0),
(1390,	48,	2,	1,	12,	19,	0),
(1391,	48,	2,	1,	12,	20,	0),
(1392,	48,	2,	1,	13,	1,	0),
(1393,	48,	2,	1,	13,	2,	0),
(1394,	48,	2,	1,	13,	3,	0),
(1395,	48,	2,	1,	13,	4,	0),
(1396,	48,	2,	1,	13,	5,	0),
(1397,	48,	2,	1,	13,	6,	0),
(1398,	48,	2,	1,	13,	7,	0),
(1399,	48,	2,	1,	13,	8,	0),
(1400,	48,	2,	1,	13,	9,	0),
(1401,	48,	2,	1,	13,	10,	0),
(1402,	48,	2,	1,	13,	11,	0),
(1403,	48,	2,	1,	13,	12,	0),
(1404,	48,	2,	1,	13,	13,	0),
(1405,	48,	2,	1,	13,	14,	0),
(1406,	48,	2,	1,	13,	15,	0),
(1407,	48,	2,	1,	13,	16,	0),
(1408,	48,	2,	1,	13,	17,	0),
(1409,	48,	2,	1,	13,	18,	0),
(1410,	48,	2,	1,	13,	19,	0),
(1411,	48,	2,	1,	13,	20,	0),
(1412,	48,	2,	1,	14,	1,	0),
(1413,	48,	2,	1,	14,	2,	0),
(1414,	48,	2,	1,	14,	3,	0),
(1415,	48,	2,	1,	14,	4,	0),
(1416,	48,	2,	1,	14,	5,	0),
(1417,	48,	2,	1,	14,	6,	0),
(1418,	48,	2,	1,	14,	7,	0),
(1419,	48,	2,	1,	14,	8,	0),
(1420,	48,	2,	1,	14,	9,	0),
(1421,	48,	2,	1,	14,	10,	0),
(1422,	48,	2,	1,	14,	11,	0),
(1423,	48,	2,	1,	14,	12,	0),
(1424,	48,	2,	1,	14,	13,	0),
(1425,	48,	2,	1,	14,	14,	0),
(1426,	48,	2,	1,	14,	15,	0),
(1427,	48,	2,	1,	14,	16,	0),
(1428,	48,	2,	1,	14,	17,	0),
(1429,	48,	2,	1,	14,	18,	0),
(1430,	48,	2,	1,	14,	19,	0),
(1431,	48,	2,	1,	14,	20,	0),
(1432,	48,	2,	1,	15,	1,	0),
(1433,	48,	2,	1,	15,	2,	0),
(1434,	48,	2,	1,	15,	3,	0),
(1435,	48,	2,	1,	15,	4,	0),
(1436,	48,	2,	1,	15,	5,	0),
(1437,	48,	2,	1,	15,	6,	0),
(1438,	48,	2,	1,	15,	7,	0),
(1439,	48,	2,	1,	15,	8,	0),
(1440,	48,	2,	1,	15,	9,	0),
(1441,	48,	2,	1,	15,	10,	0),
(1442,	48,	2,	1,	15,	11,	0),
(1443,	48,	2,	1,	15,	12,	0),
(1444,	48,	2,	1,	15,	13,	0),
(1445,	48,	2,	1,	15,	14,	0),
(1446,	48,	2,	1,	15,	15,	0),
(1447,	48,	2,	1,	15,	16,	0),
(1448,	48,	2,	1,	15,	17,	0),
(1449,	48,	2,	1,	15,	18,	0),
(1450,	48,	2,	1,	15,	19,	0),
(1451,	48,	2,	1,	15,	20,	0),
(1452,	49,	3,	1,	1,	1,	0),
(1453,	49,	3,	1,	1,	2,	0),
(1454,	49,	3,	1,	1,	3,	0),
(1455,	49,	3,	1,	1,	4,	0),
(1456,	49,	3,	1,	1,	5,	0),
(1457,	49,	3,	1,	1,	6,	0),
(1458,	49,	3,	1,	1,	7,	0),
(1459,	49,	3,	1,	1,	8,	0),
(1460,	49,	3,	1,	1,	9,	0),
(1461,	49,	3,	1,	1,	10,	0),
(1462,	49,	3,	1,	1,	11,	0),
(1463,	49,	3,	1,	1,	12,	0),
(1464,	49,	3,	1,	1,	13,	0),
(1465,	49,	3,	1,	1,	14,	0),
(1466,	49,	3,	1,	1,	15,	0),
(1467,	49,	3,	1,	1,	16,	0),
(1468,	49,	3,	1,	1,	17,	0),
(1469,	49,	3,	1,	1,	18,	0),
(1470,	49,	3,	1,	1,	19,	0),
(1471,	49,	3,	1,	1,	20,	0),
(1472,	49,	3,	1,	2,	1,	0),
(1473,	49,	3,	1,	2,	2,	0),
(1474,	49,	3,	1,	2,	3,	0),
(1475,	49,	3,	1,	2,	4,	0),
(1476,	49,	3,	1,	2,	5,	0),
(1477,	49,	3,	1,	2,	6,	0),
(1478,	49,	3,	1,	2,	7,	0),
(1479,	49,	3,	1,	2,	8,	0),
(1480,	49,	3,	1,	2,	9,	0),
(1481,	49,	3,	1,	2,	10,	0),
(1482,	49,	3,	1,	2,	11,	0),
(1483,	49,	3,	1,	2,	12,	0),
(1484,	49,	3,	1,	2,	13,	0),
(1485,	49,	3,	1,	2,	14,	0),
(1486,	49,	3,	1,	2,	15,	0),
(1487,	49,	3,	1,	2,	16,	0),
(1488,	49,	3,	1,	2,	17,	0),
(1489,	49,	3,	1,	2,	18,	0),
(1490,	49,	3,	1,	2,	19,	0),
(1491,	49,	3,	1,	2,	20,	0),
(1492,	49,	3,	1,	3,	1,	0),
(1493,	49,	3,	1,	3,	2,	0),
(1494,	49,	3,	1,	3,	3,	0),
(1495,	49,	3,	1,	3,	4,	0),
(1496,	49,	3,	1,	3,	5,	0),
(1497,	49,	3,	1,	3,	6,	0),
(1498,	49,	3,	2,	3,	7,	5),
(1499,	49,	3,	1,	3,	8,	0),
(1500,	49,	3,	1,	3,	9,	0),
(1501,	49,	3,	1,	3,	10,	0),
(1502,	49,	3,	1,	3,	11,	0),
(1503,	49,	3,	1,	3,	12,	0),
(1504,	49,	3,	1,	3,	13,	0),
(1505,	49,	3,	1,	3,	14,	0),
(1506,	49,	3,	1,	3,	15,	0),
(1507,	49,	3,	1,	3,	16,	0),
(1508,	49,	3,	1,	3,	17,	0),
(1509,	49,	3,	1,	3,	18,	0),
(1510,	49,	3,	1,	3,	19,	0),
(1511,	49,	3,	1,	3,	20,	0),
(1512,	49,	3,	1,	4,	1,	0),
(1513,	49,	3,	1,	4,	2,	0),
(1514,	49,	3,	1,	4,	3,	0),
(1515,	49,	3,	1,	4,	4,	0),
(1516,	49,	3,	1,	4,	5,	0),
(1517,	49,	3,	1,	4,	6,	0),
(1518,	49,	3,	1,	4,	7,	0),
(1519,	49,	3,	1,	4,	8,	0),
(1520,	49,	3,	1,	4,	9,	0),
(1521,	49,	3,	1,	4,	10,	0),
(1522,	49,	3,	1,	4,	11,	0),
(1523,	49,	3,	1,	4,	12,	0),
(1524,	49,	3,	1,	4,	13,	0),
(1525,	49,	3,	1,	4,	14,	0),
(1526,	49,	3,	1,	4,	15,	0),
(1527,	49,	3,	1,	4,	16,	0),
(1528,	49,	3,	1,	4,	17,	0),
(1529,	49,	3,	1,	4,	18,	0),
(1530,	49,	3,	1,	4,	19,	0),
(1531,	49,	3,	1,	4,	20,	0),
(1532,	49,	3,	1,	5,	1,	0),
(1533,	49,	3,	1,	5,	2,	0),
(1534,	49,	3,	1,	5,	3,	0),
(1535,	49,	3,	1,	5,	4,	0),
(1536,	49,	3,	1,	5,	5,	0),
(1537,	49,	3,	1,	5,	6,	0),
(1538,	49,	3,	1,	5,	7,	0),
(1539,	49,	3,	1,	5,	8,	0),
(1540,	49,	3,	1,	5,	9,	0),
(1541,	49,	3,	1,	5,	10,	0),
(1542,	49,	3,	1,	5,	11,	0),
(1543,	49,	3,	3,	5,	12,	5),
(1544,	49,	3,	1,	5,	13,	0),
(1545,	49,	3,	1,	5,	14,	0),
(1546,	49,	3,	1,	5,	15,	0),
(1547,	49,	3,	1,	5,	16,	0),
(1548,	49,	3,	1,	5,	17,	0),
(1549,	49,	3,	1,	5,	18,	0),
(1550,	49,	3,	1,	5,	19,	0),
(1551,	49,	3,	1,	5,	20,	0),
(1552,	49,	3,	1,	6,	1,	0),
(1553,	49,	3,	1,	6,	2,	0),
(1554,	49,	3,	1,	6,	3,	0),
(1555,	49,	3,	1,	6,	4,	0),
(1556,	49,	3,	1,	6,	5,	0),
(1557,	49,	3,	1,	6,	6,	0),
(1558,	49,	3,	1,	6,	7,	0),
(1559,	49,	3,	1,	6,	8,	0),
(1560,	49,	3,	1,	6,	9,	0),
(1561,	49,	3,	1,	6,	10,	0),
(1562,	49,	3,	1,	6,	11,	0),
(1563,	49,	3,	1,	6,	12,	0),
(1564,	49,	3,	1,	6,	13,	0),
(1565,	49,	3,	1,	6,	14,	0),
(1566,	49,	3,	1,	6,	15,	0),
(1567,	49,	3,	1,	6,	16,	0),
(1568,	49,	3,	1,	6,	17,	0),
(1569,	49,	3,	1,	6,	18,	0),
(1570,	49,	3,	1,	6,	19,	0),
(1571,	49,	3,	1,	6,	20,	0),
(1572,	49,	3,	1,	7,	1,	0),
(1573,	49,	3,	1,	7,	2,	0),
(1574,	49,	3,	1,	7,	3,	0),
(1575,	49,	3,	1,	7,	4,	0),
(1576,	49,	3,	1,	7,	5,	0),
(1577,	49,	3,	1,	7,	6,	0),
(1578,	49,	3,	1,	7,	7,	0),
(1579,	49,	3,	1,	7,	8,	0),
(1580,	49,	3,	1,	7,	9,	0),
(1581,	49,	3,	1,	7,	10,	0),
(1582,	49,	3,	1,	7,	11,	0),
(1583,	49,	3,	1,	7,	12,	0),
(1584,	49,	3,	1,	7,	13,	0),
(1585,	49,	3,	1,	7,	14,	0),
(1586,	49,	3,	1,	7,	15,	0),
(1587,	49,	3,	1,	7,	16,	0),
(1588,	49,	3,	1,	7,	17,	0),
(1589,	49,	3,	1,	7,	18,	0),
(1590,	49,	3,	1,	7,	19,	0),
(1591,	49,	3,	1,	7,	20,	0),
(1592,	49,	3,	1,	8,	1,	0),
(1593,	49,	3,	1,	8,	2,	0),
(1594,	49,	3,	1,	8,	3,	0),
(1595,	49,	3,	1,	8,	4,	0),
(1596,	49,	3,	1,	8,	5,	0),
(1597,	49,	3,	1,	8,	6,	0),
(1598,	49,	3,	1,	8,	7,	0),
(1599,	49,	3,	1,	8,	8,	0),
(1600,	49,	3,	1,	8,	9,	0),
(1601,	49,	3,	1,	8,	10,	0),
(1602,	49,	3,	1,	8,	11,	0),
(1603,	49,	3,	1,	8,	12,	0),
(1604,	49,	3,	1,	8,	13,	0),
(1605,	49,	3,	1,	8,	14,	0),
(1606,	49,	3,	1,	8,	15,	0),
(1607,	49,	3,	1,	8,	16,	0),
(1608,	49,	3,	1,	8,	17,	0),
(1609,	49,	3,	1,	8,	18,	0),
(1610,	49,	3,	1,	8,	19,	0),
(1611,	49,	3,	1,	8,	20,	0),
(1612,	49,	3,	1,	9,	1,	0),
(1613,	49,	3,	1,	9,	2,	0),
(1614,	49,	3,	1,	9,	3,	0),
(1615,	49,	3,	1,	9,	4,	0),
(1616,	49,	3,	1,	9,	5,	0),
(1617,	49,	3,	1,	9,	6,	0),
(1618,	49,	3,	1,	9,	7,	0),
(1619,	49,	3,	1,	9,	8,	0),
(1620,	49,	3,	1,	9,	9,	0),
(1621,	49,	3,	1,	9,	10,	0),
(1622,	49,	3,	1,	9,	11,	0),
(1623,	49,	3,	1,	9,	12,	0),
(1624,	49,	3,	1,	9,	13,	0),
(1625,	49,	3,	1,	9,	14,	0),
(1626,	49,	3,	1,	9,	15,	0),
(1627,	49,	3,	1,	9,	16,	0),
(1628,	49,	3,	1,	9,	17,	0),
(1629,	49,	3,	1,	9,	18,	0),
(1630,	49,	3,	1,	9,	19,	0),
(1631,	49,	3,	1,	9,	20,	0),
(1632,	49,	3,	1,	10,	1,	0),
(1633,	49,	3,	1,	10,	2,	0),
(1634,	49,	3,	1,	10,	3,	0),
(1635,	49,	3,	1,	10,	4,	0),
(1636,	49,	3,	1,	10,	5,	0),
(1637,	49,	3,	1,	10,	6,	0),
(1638,	49,	3,	1,	10,	7,	0),
(1639,	49,	3,	1,	10,	8,	0),
(1640,	49,	3,	1,	10,	9,	0),
(1641,	49,	3,	1,	10,	10,	0),
(1642,	49,	3,	1,	10,	11,	0),
(1643,	49,	3,	1,	10,	12,	0),
(1644,	49,	3,	1,	10,	13,	0),
(1645,	49,	3,	1,	10,	14,	0),
(1646,	49,	3,	1,	10,	15,	0),
(1647,	49,	3,	1,	10,	16,	0),
(1648,	49,	3,	1,	10,	17,	0),
(1649,	49,	3,	1,	10,	18,	0),
(1650,	49,	3,	1,	10,	19,	0),
(1651,	49,	3,	1,	10,	20,	0),
(1652,	49,	3,	1,	11,	1,	0),
(1653,	49,	3,	1,	11,	2,	0),
(1654,	49,	3,	1,	11,	3,	0),
(1655,	49,	3,	1,	11,	4,	0),
(1656,	49,	3,	1,	11,	5,	0),
(1657,	49,	3,	1,	11,	6,	0),
(1658,	49,	3,	1,	11,	7,	0),
(1659,	49,	3,	1,	11,	8,	0),
(1660,	49,	3,	1,	11,	9,	0),
(1661,	49,	3,	1,	11,	10,	0),
(1662,	49,	3,	1,	11,	11,	0),
(1663,	49,	3,	1,	11,	12,	0),
(1664,	49,	3,	1,	11,	13,	0),
(1665,	49,	3,	1,	11,	14,	0),
(1666,	49,	3,	1,	11,	15,	0),
(1667,	49,	3,	1,	11,	16,	0),
(1668,	49,	3,	1,	11,	17,	0),
(1669,	49,	3,	1,	11,	18,	0),
(1670,	49,	3,	1,	11,	19,	0),
(1671,	49,	3,	1,	11,	20,	0),
(1672,	49,	3,	1,	12,	1,	0),
(1673,	49,	3,	1,	12,	2,	0),
(1674,	49,	3,	1,	12,	3,	0),
(1675,	49,	3,	1,	12,	4,	0),
(1676,	49,	3,	1,	12,	5,	0),
(1677,	49,	3,	1,	12,	6,	0),
(1678,	49,	3,	1,	12,	7,	0),
(1679,	49,	3,	1,	12,	8,	0),
(1680,	49,	3,	1,	12,	9,	0),
(1681,	49,	3,	1,	12,	10,	0),
(1682,	49,	3,	1,	12,	11,	0),
(1683,	49,	3,	1,	12,	12,	0),
(1684,	49,	3,	1,	12,	13,	0),
(1685,	49,	3,	1,	12,	14,	0),
(1686,	49,	3,	1,	12,	15,	0),
(1687,	49,	3,	1,	12,	16,	0),
(1688,	49,	3,	1,	12,	17,	0),
(1689,	49,	3,	1,	12,	18,	0),
(1690,	49,	3,	1,	12,	19,	0),
(1691,	49,	3,	1,	12,	20,	0),
(1692,	49,	3,	1,	13,	1,	0),
(1693,	49,	3,	1,	13,	2,	0),
(1694,	49,	3,	1,	13,	3,	0),
(1695,	49,	3,	1,	13,	4,	0),
(1696,	49,	3,	1,	13,	5,	0),
(1697,	49,	3,	1,	13,	6,	0),
(1698,	49,	3,	1,	13,	7,	0),
(1699,	49,	3,	1,	13,	8,	0),
(1700,	49,	3,	1,	13,	9,	0),
(1701,	49,	3,	1,	13,	10,	0),
(1702,	49,	3,	1,	13,	11,	0),
(1703,	49,	3,	1,	13,	12,	0),
(1704,	49,	3,	1,	13,	13,	0),
(1705,	49,	3,	1,	13,	14,	0),
(1706,	49,	3,	1,	13,	15,	0),
(1707,	49,	3,	1,	13,	16,	0),
(1708,	49,	3,	1,	13,	17,	0),
(1709,	49,	3,	1,	13,	18,	0),
(1710,	49,	3,	1,	13,	19,	0),
(1711,	49,	3,	1,	13,	20,	0),
(1712,	49,	3,	1,	14,	1,	0),
(1713,	49,	3,	1,	14,	2,	0),
(1714,	49,	3,	1,	14,	3,	0),
(1715,	49,	3,	1,	14,	4,	0),
(1716,	49,	3,	1,	14,	5,	0),
(1717,	49,	3,	1,	14,	6,	0),
(1718,	49,	3,	1,	14,	7,	0),
(1719,	49,	3,	1,	14,	8,	0),
(1720,	49,	3,	1,	14,	9,	0),
(1721,	49,	3,	1,	14,	10,	0),
(1722,	49,	3,	1,	14,	11,	0),
(1723,	49,	3,	1,	14,	12,	0),
(1724,	49,	3,	1,	14,	13,	0),
(1725,	49,	3,	1,	14,	14,	0),
(1726,	49,	3,	1,	14,	15,	0),
(1727,	49,	3,	1,	14,	16,	0),
(1728,	49,	3,	1,	14,	17,	0),
(1729,	49,	3,	1,	14,	18,	0),
(1730,	49,	3,	1,	14,	19,	0),
(1731,	49,	3,	1,	14,	20,	0),
(1732,	49,	3,	1,	15,	1,	0),
(1733,	49,	3,	1,	15,	2,	0),
(1734,	49,	3,	1,	15,	3,	0),
(1735,	49,	3,	1,	15,	4,	0),
(1736,	49,	3,	1,	15,	5,	0),
(1737,	49,	3,	1,	15,	6,	0),
(1738,	49,	3,	1,	15,	7,	0),
(1739,	49,	3,	1,	15,	8,	0),
(1740,	49,	3,	1,	15,	9,	0),
(1741,	49,	3,	1,	15,	10,	0),
(1742,	49,	3,	1,	15,	11,	0),
(1743,	49,	3,	1,	15,	12,	0),
(1744,	49,	3,	1,	15,	13,	0),
(1745,	49,	3,	1,	15,	14,	0),
(1746,	49,	3,	1,	15,	15,	0),
(1747,	49,	3,	1,	15,	16,	0),
(1748,	49,	3,	1,	15,	17,	0),
(1749,	49,	3,	1,	15,	18,	0),
(1750,	49,	3,	1,	15,	19,	0),
(1751,	49,	3,	1,	15,	20,	0),
(2152,	51,	4,	1,	1,	1,	0),
(2153,	51,	4,	1,	1,	2,	0),
(2154,	51,	4,	1,	1,	3,	0),
(2155,	51,	4,	1,	1,	4,	0),
(2156,	51,	4,	1,	1,	5,	0),
(2157,	51,	4,	1,	1,	6,	0),
(2158,	51,	4,	1,	1,	7,	0),
(2159,	51,	4,	1,	1,	8,	0),
(2160,	51,	4,	1,	1,	9,	0),
(2161,	51,	4,	1,	1,	10,	0),
(2162,	51,	4,	1,	1,	11,	0),
(2163,	51,	4,	1,	1,	12,	0),
(2164,	51,	4,	1,	1,	13,	0),
(2165,	51,	4,	1,	1,	14,	0),
(2166,	51,	4,	1,	1,	15,	0),
(2167,	51,	4,	1,	1,	16,	0),
(2168,	51,	4,	1,	1,	17,	0),
(2169,	51,	4,	1,	1,	18,	0),
(2170,	51,	4,	1,	1,	19,	0),
(2171,	51,	4,	1,	1,	20,	0),
(2172,	51,	4,	1,	2,	1,	0),
(2173,	51,	4,	1,	2,	2,	0),
(2174,	51,	4,	1,	2,	3,	0),
(2175,	51,	4,	1,	2,	4,	0),
(2176,	51,	4,	1,	2,	5,	0),
(2177,	51,	4,	1,	2,	6,	0),
(2178,	51,	4,	1,	2,	7,	0),
(2179,	51,	4,	1,	2,	8,	0),
(2180,	51,	4,	1,	2,	9,	0),
(2181,	51,	4,	1,	2,	10,	0),
(2182,	51,	4,	1,	2,	11,	0),
(2183,	51,	4,	1,	2,	12,	0),
(2184,	51,	4,	1,	2,	13,	0),
(2185,	51,	4,	1,	2,	14,	0),
(2186,	51,	4,	1,	2,	15,	0),
(2187,	51,	4,	1,	2,	16,	0),
(2188,	51,	4,	1,	2,	17,	0),
(2189,	51,	4,	1,	2,	18,	0),
(2190,	51,	4,	1,	2,	19,	0),
(2191,	51,	4,	1,	2,	20,	0),
(2192,	51,	4,	1,	3,	1,	0),
(2193,	51,	4,	1,	3,	2,	0),
(2194,	51,	4,	1,	3,	3,	0),
(2195,	51,	4,	1,	3,	4,	0),
(2196,	51,	4,	1,	3,	5,	0),
(2197,	51,	4,	1,	3,	6,	0),
(2198,	51,	4,	1,	3,	7,	0),
(2199,	51,	4,	1,	3,	8,	0),
(2200,	51,	4,	1,	3,	9,	0),
(2201,	51,	4,	1,	3,	10,	0),
(2202,	51,	4,	1,	3,	11,	0),
(2203,	51,	4,	1,	3,	12,	0),
(2204,	51,	4,	1,	3,	13,	0),
(2205,	51,	4,	1,	3,	14,	0),
(2206,	51,	4,	1,	3,	15,	0),
(2207,	51,	4,	1,	3,	16,	0),
(2208,	51,	4,	1,	3,	17,	0),
(2209,	51,	4,	1,	3,	18,	0),
(2210,	51,	4,	1,	3,	19,	0),
(2211,	51,	4,	1,	3,	20,	0),
(2212,	51,	4,	1,	4,	1,	0),
(2213,	51,	4,	1,	4,	2,	0),
(2214,	51,	4,	1,	4,	3,	0),
(2215,	51,	4,	1,	4,	4,	0),
(2216,	51,	4,	1,	4,	5,	0),
(2217,	51,	4,	1,	4,	6,	0),
(2218,	51,	4,	1,	4,	7,	0),
(2219,	51,	4,	1,	4,	8,	0),
(2220,	51,	4,	1,	4,	9,	0),
(2221,	51,	4,	1,	4,	10,	0),
(2222,	51,	4,	1,	4,	11,	0),
(2223,	51,	4,	1,	4,	12,	0),
(2224,	51,	4,	1,	4,	13,	0),
(2225,	51,	4,	1,	4,	14,	0),
(2226,	51,	4,	1,	4,	15,	0),
(2227,	51,	4,	1,	4,	16,	0),
(2228,	51,	4,	1,	4,	17,	0),
(2229,	51,	4,	1,	4,	18,	0),
(2230,	51,	4,	1,	4,	19,	0),
(2231,	51,	4,	1,	4,	20,	0),
(2232,	51,	4,	1,	5,	1,	0),
(2233,	51,	4,	1,	5,	2,	0),
(2234,	51,	4,	1,	5,	3,	0),
(2235,	51,	4,	1,	5,	4,	0),
(2236,	51,	4,	1,	5,	5,	0),
(2237,	51,	4,	1,	5,	6,	0),
(2238,	51,	4,	1,	5,	7,	0),
(2239,	51,	4,	1,	5,	8,	0),
(2240,	51,	4,	1,	5,	9,	0),
(2241,	51,	4,	1,	5,	10,	0),
(2242,	51,	4,	1,	5,	11,	0),
(2243,	51,	4,	1,	5,	12,	0),
(2244,	51,	4,	1,	5,	13,	0),
(2245,	51,	4,	1,	5,	14,	0),
(2246,	51,	4,	1,	5,	15,	0),
(2247,	51,	4,	1,	5,	16,	0),
(2248,	51,	4,	1,	5,	17,	0),
(2249,	51,	4,	1,	5,	18,	0),
(2250,	51,	4,	1,	5,	19,	0),
(2251,	51,	4,	1,	5,	20,	0),
(2252,	51,	4,	1,	6,	1,	0),
(2253,	51,	4,	1,	6,	2,	0),
(2254,	51,	4,	1,	6,	3,	0),
(2255,	51,	4,	1,	6,	4,	0),
(2256,	51,	4,	1,	6,	5,	0),
(2257,	51,	4,	1,	6,	6,	0),
(2258,	51,	4,	1,	6,	7,	0),
(2259,	51,	4,	1,	6,	8,	0),
(2260,	51,	4,	1,	6,	9,	0),
(2261,	51,	4,	1,	6,	10,	0),
(2262,	51,	4,	1,	6,	11,	0),
(2263,	51,	4,	1,	6,	12,	0),
(2264,	51,	4,	1,	6,	13,	0),
(2265,	51,	4,	1,	6,	14,	0),
(2266,	51,	4,	1,	6,	15,	0),
(2267,	51,	4,	1,	6,	16,	0),
(2268,	51,	4,	1,	6,	17,	0),
(2269,	51,	4,	1,	6,	18,	0),
(2270,	51,	4,	1,	6,	19,	0),
(2271,	51,	4,	1,	6,	20,	0),
(2272,	51,	4,	1,	7,	1,	0),
(2273,	51,	4,	1,	7,	2,	0),
(2274,	51,	4,	1,	7,	3,	0),
(2275,	51,	4,	1,	7,	4,	0),
(2276,	51,	4,	1,	7,	5,	0),
(2277,	51,	4,	1,	7,	6,	0),
(2278,	51,	4,	1,	7,	7,	0),
(2279,	51,	4,	1,	7,	8,	0),
(2280,	51,	4,	1,	7,	9,	0),
(2281,	51,	4,	1,	7,	10,	0),
(2282,	51,	4,	1,	7,	11,	0),
(2283,	51,	4,	1,	7,	12,	0),
(2284,	51,	4,	1,	7,	13,	0),
(2285,	51,	4,	1,	7,	14,	0),
(2286,	51,	4,	1,	7,	15,	0),
(2287,	51,	4,	1,	7,	16,	0),
(2288,	51,	4,	1,	7,	17,	0),
(2289,	51,	4,	1,	7,	18,	0),
(2290,	51,	4,	1,	7,	19,	0),
(2291,	51,	4,	1,	7,	20,	0),
(2292,	51,	4,	1,	8,	1,	0),
(2293,	51,	4,	1,	8,	2,	0),
(2294,	51,	4,	1,	8,	3,	0),
(2295,	51,	4,	1,	8,	4,	0),
(2296,	51,	4,	1,	8,	5,	0),
(2297,	51,	4,	1,	8,	6,	0),
(2298,	51,	4,	1,	8,	7,	0),
(2299,	51,	4,	1,	8,	8,	0),
(2300,	51,	4,	1,	8,	9,	0),
(2301,	51,	4,	1,	8,	10,	0),
(2302,	51,	4,	1,	8,	11,	0),
(2303,	51,	4,	1,	8,	12,	0),
(2304,	51,	4,	1,	8,	13,	0),
(2305,	51,	4,	1,	8,	14,	0),
(2306,	51,	4,	1,	8,	15,	0),
(2307,	51,	4,	1,	8,	16,	0),
(2308,	51,	4,	1,	8,	17,	0),
(2309,	51,	4,	1,	8,	18,	0),
(2310,	51,	4,	1,	8,	19,	0),
(2311,	51,	4,	1,	8,	20,	0),
(2312,	51,	4,	1,	9,	1,	0),
(2313,	51,	4,	1,	9,	2,	0),
(2314,	51,	4,	1,	9,	3,	0),
(2315,	51,	4,	1,	9,	4,	0),
(2316,	51,	4,	1,	9,	5,	0),
(2317,	51,	4,	1,	9,	6,	0),
(2318,	51,	4,	1,	9,	7,	0),
(2319,	51,	4,	1,	9,	8,	0),
(2320,	51,	4,	1,	9,	9,	0),
(2321,	51,	4,	1,	9,	10,	0),
(2322,	51,	4,	1,	9,	11,	0),
(2323,	51,	4,	1,	9,	12,	0),
(2324,	51,	4,	1,	9,	13,	0),
(2325,	51,	4,	1,	9,	14,	0),
(2326,	51,	4,	1,	9,	15,	0),
(2327,	51,	4,	1,	9,	16,	0),
(2328,	51,	4,	1,	9,	17,	0),
(2329,	51,	4,	1,	9,	18,	0),
(2330,	51,	4,	1,	9,	19,	0),
(2331,	51,	4,	1,	9,	20,	0),
(2332,	51,	4,	1,	10,	1,	0),
(2333,	51,	4,	1,	10,	2,	0),
(2334,	51,	4,	1,	10,	3,	0),
(2335,	51,	4,	1,	10,	4,	0),
(2336,	51,	4,	1,	10,	5,	0),
(2337,	51,	4,	1,	10,	6,	0),
(2338,	51,	4,	1,	10,	7,	0),
(2339,	51,	4,	1,	10,	8,	0),
(2340,	51,	4,	1,	10,	9,	0),
(2341,	51,	4,	1,	10,	10,	0),
(2342,	51,	4,	1,	10,	11,	0),
(2343,	51,	4,	1,	10,	12,	0),
(2344,	51,	4,	1,	10,	13,	0),
(2345,	51,	4,	1,	10,	14,	0),
(2346,	51,	4,	1,	10,	15,	0),
(2347,	51,	4,	1,	10,	16,	0),
(2348,	51,	4,	1,	10,	17,	0),
(2349,	51,	4,	1,	10,	18,	0),
(2350,	51,	4,	1,	10,	19,	0),
(2351,	51,	4,	1,	10,	20,	0),
(2352,	53,	6,	1,	1,	1,	0),
(2353,	53,	6,	1,	1,	2,	0),
(2354,	53,	6,	1,	1,	3,	0),
(2355,	53,	6,	1,	1,	4,	0),
(2356,	53,	6,	1,	1,	5,	0),
(2357,	53,	6,	1,	1,	6,	0),
(2358,	53,	6,	1,	1,	7,	0),
(2359,	53,	6,	1,	1,	8,	0),
(2360,	53,	6,	1,	1,	9,	0),
(2361,	53,	6,	1,	1,	10,	0),
(2362,	53,	6,	1,	2,	1,	0),
(2363,	53,	6,	1,	2,	2,	0),
(2364,	53,	6,	1,	2,	3,	0),
(2365,	53,	6,	1,	2,	4,	0),
(2366,	53,	6,	1,	2,	5,	0),
(2367,	53,	6,	1,	2,	6,	0),
(2368,	53,	6,	1,	2,	7,	0),
(2369,	53,	6,	1,	2,	8,	0),
(2370,	53,	6,	1,	2,	9,	0),
(2371,	53,	6,	1,	2,	10,	0),
(2372,	55,	6,	1,	1,	1,	0),
(2373,	55,	6,	1,	1,	2,	0),
(2374,	55,	6,	1,	1,	3,	0),
(2375,	55,	6,	1,	1,	4,	0),
(2376,	55,	6,	1,	1,	5,	0),
(2377,	55,	6,	1,	1,	6,	0),
(2378,	55,	6,	1,	1,	7,	0),
(2379,	55,	6,	1,	1,	8,	0),
(2380,	55,	6,	1,	1,	9,	0),
(2381,	55,	6,	1,	1,	10,	0),
(2382,	55,	6,	1,	2,	1,	0),
(2383,	55,	6,	1,	2,	2,	0),
(2384,	55,	6,	1,	2,	3,	0),
(2385,	55,	6,	1,	2,	4,	0),
(2386,	55,	6,	1,	2,	5,	0),
(2387,	55,	6,	1,	2,	6,	0),
(2388,	55,	6,	1,	2,	7,	0),
(2389,	55,	6,	1,	2,	8,	0),
(2390,	55,	6,	1,	2,	9,	0),
(2391,	55,	6,	1,	2,	10,	0),
(2392,	56,	4,	1,	1,	1,	0),
(2393,	56,	4,	1,	1,	2,	0),
(2394,	56,	4,	1,	1,	3,	0),
(2395,	56,	4,	1,	1,	4,	0),
(2396,	56,	4,	1,	1,	5,	0),
(2397,	56,	4,	1,	1,	6,	0),
(2398,	56,	4,	1,	1,	7,	0),
(2399,	56,	4,	1,	1,	8,	0),
(2400,	56,	4,	1,	1,	9,	0),
(2401,	56,	4,	1,	1,	10,	0),
(2402,	56,	4,	1,	1,	11,	0),
(2403,	56,	4,	1,	1,	12,	0),
(2404,	56,	4,	1,	1,	13,	0),
(2405,	56,	4,	1,	1,	14,	0),
(2406,	56,	4,	1,	1,	15,	0),
(2407,	56,	4,	1,	1,	16,	0),
(2408,	56,	4,	1,	1,	17,	0),
(2409,	56,	4,	1,	1,	18,	0),
(2410,	56,	4,	1,	1,	19,	0),
(2411,	56,	4,	1,	1,	20,	0),
(2412,	56,	4,	1,	2,	1,	0),
(2413,	56,	4,	1,	2,	2,	0),
(2414,	56,	4,	1,	2,	3,	0),
(2415,	56,	4,	1,	2,	4,	0),
(2416,	56,	4,	1,	2,	5,	0),
(2417,	56,	4,	1,	2,	6,	0),
(2418,	56,	4,	1,	2,	7,	0),
(2419,	56,	4,	1,	2,	8,	0),
(2420,	56,	4,	1,	2,	9,	0),
(2421,	56,	4,	1,	2,	10,	0),
(2422,	56,	4,	1,	2,	11,	0),
(2423,	56,	4,	1,	2,	12,	0),
(2424,	56,	4,	1,	2,	13,	0),
(2425,	56,	4,	1,	2,	14,	0),
(2426,	56,	4,	1,	2,	15,	0),
(2427,	56,	4,	1,	2,	16,	0),
(2428,	56,	4,	1,	2,	17,	0),
(2429,	56,	4,	1,	2,	18,	0),
(2430,	56,	4,	1,	2,	19,	0),
(2431,	56,	4,	1,	2,	20,	0),
(2432,	56,	4,	1,	3,	1,	0),
(2433,	56,	4,	1,	3,	2,	0),
(2434,	56,	4,	1,	3,	3,	0),
(2435,	56,	4,	1,	3,	4,	0),
(2436,	56,	4,	1,	3,	5,	0),
(2437,	56,	4,	1,	3,	6,	0),
(2438,	56,	4,	1,	3,	7,	0),
(2439,	56,	4,	1,	3,	8,	0),
(2440,	56,	4,	1,	3,	9,	0),
(2441,	56,	4,	1,	3,	10,	0),
(2442,	56,	4,	1,	3,	11,	0),
(2443,	56,	4,	1,	3,	12,	0),
(2444,	56,	4,	1,	3,	13,	0),
(2445,	56,	4,	1,	3,	14,	0),
(2446,	56,	4,	1,	3,	15,	0),
(2447,	56,	4,	1,	3,	16,	0),
(2448,	56,	4,	1,	3,	17,	0),
(2449,	56,	4,	1,	3,	18,	0),
(2450,	56,	4,	1,	3,	19,	0),
(2451,	56,	4,	1,	3,	20,	0),
(2452,	56,	4,	1,	4,	1,	0),
(2453,	56,	4,	1,	4,	2,	0),
(2454,	56,	4,	1,	4,	3,	0),
(2455,	56,	4,	1,	4,	4,	0),
(2456,	56,	4,	1,	4,	5,	0),
(2457,	56,	4,	1,	4,	6,	0),
(2458,	56,	4,	1,	4,	7,	0),
(2459,	56,	4,	1,	4,	8,	0),
(2460,	56,	4,	1,	4,	9,	0),
(2461,	56,	4,	1,	4,	10,	0),
(2462,	56,	4,	1,	4,	11,	0),
(2463,	56,	4,	1,	4,	12,	0),
(2464,	56,	4,	1,	4,	13,	0),
(2465,	56,	4,	1,	4,	14,	0),
(2466,	56,	4,	1,	4,	15,	0),
(2467,	56,	4,	1,	4,	16,	0),
(2468,	56,	4,	1,	4,	17,	0),
(2469,	56,	4,	1,	4,	18,	0),
(2470,	56,	4,	1,	4,	19,	0),
(2471,	56,	4,	1,	4,	20,	0),
(2472,	56,	4,	1,	5,	1,	0),
(2473,	56,	4,	1,	5,	2,	0),
(2474,	56,	4,	1,	5,	3,	0),
(2475,	56,	4,	1,	5,	4,	0),
(2476,	56,	4,	1,	5,	5,	0),
(2477,	56,	4,	1,	5,	6,	0),
(2478,	56,	4,	1,	5,	7,	0),
(2479,	56,	4,	1,	5,	8,	0),
(2480,	56,	4,	1,	5,	9,	0),
(2481,	56,	4,	1,	5,	10,	0),
(2482,	56,	4,	1,	5,	11,	0),
(2483,	56,	4,	1,	5,	12,	0),
(2484,	56,	4,	1,	5,	13,	0),
(2485,	56,	4,	1,	5,	14,	0),
(2486,	56,	4,	1,	5,	15,	0),
(2487,	56,	4,	1,	5,	16,	0),
(2488,	56,	4,	1,	5,	17,	0),
(2489,	56,	4,	1,	5,	18,	0),
(2490,	56,	4,	1,	5,	19,	0),
(2491,	56,	4,	1,	5,	20,	0),
(2492,	56,	4,	1,	6,	1,	0),
(2493,	56,	4,	1,	6,	2,	0),
(2494,	56,	4,	1,	6,	3,	0),
(2495,	56,	4,	1,	6,	4,	0),
(2496,	56,	4,	1,	6,	5,	0),
(2497,	56,	4,	1,	6,	6,	0),
(2498,	56,	4,	1,	6,	7,	0),
(2499,	56,	4,	1,	6,	8,	0),
(2500,	56,	4,	1,	6,	9,	0),
(2501,	56,	4,	1,	6,	10,	0),
(2502,	56,	4,	1,	6,	11,	0),
(2503,	56,	4,	1,	6,	12,	0),
(2504,	56,	4,	1,	6,	13,	0),
(2505,	56,	4,	1,	6,	14,	0),
(2506,	56,	4,	1,	6,	15,	0),
(2507,	56,	4,	1,	6,	16,	0),
(2508,	56,	4,	1,	6,	17,	0),
(2509,	56,	4,	1,	6,	18,	0),
(2510,	56,	4,	1,	6,	19,	0),
(2511,	56,	4,	1,	6,	20,	0),
(2512,	56,	4,	1,	7,	1,	0),
(2513,	56,	4,	1,	7,	2,	0),
(2514,	56,	4,	1,	7,	3,	0),
(2515,	56,	4,	1,	7,	4,	0),
(2516,	56,	4,	1,	7,	5,	0),
(2517,	56,	4,	1,	7,	6,	0),
(2518,	56,	4,	1,	7,	7,	0),
(2519,	56,	4,	1,	7,	8,	0),
(2520,	56,	4,	1,	7,	9,	0),
(2521,	56,	4,	1,	7,	10,	0),
(2522,	56,	4,	1,	7,	11,	0),
(2523,	56,	4,	1,	7,	12,	0),
(2524,	56,	4,	1,	7,	13,	0),
(2525,	56,	4,	1,	7,	14,	0),
(2526,	56,	4,	1,	7,	15,	0),
(2527,	56,	4,	1,	7,	16,	0),
(2528,	56,	4,	1,	7,	17,	0),
(2529,	56,	4,	1,	7,	18,	0),
(2530,	56,	4,	1,	7,	19,	0),
(2531,	56,	4,	1,	7,	20,	0),
(2532,	56,	4,	1,	8,	1,	0),
(2533,	56,	4,	1,	8,	2,	0),
(2534,	56,	4,	1,	8,	3,	0),
(2535,	56,	4,	1,	8,	4,	0),
(2536,	56,	4,	1,	8,	5,	0),
(2537,	56,	4,	1,	8,	6,	0),
(2538,	56,	4,	1,	8,	7,	0),
(2539,	56,	4,	1,	8,	8,	0),
(2540,	56,	4,	1,	8,	9,	0),
(2541,	56,	4,	1,	8,	10,	0),
(2542,	56,	4,	1,	8,	11,	0),
(2543,	56,	4,	1,	8,	12,	0),
(2544,	56,	4,	1,	8,	13,	0),
(2545,	56,	4,	1,	8,	14,	0),
(2546,	56,	4,	1,	8,	15,	0),
(2547,	56,	4,	1,	8,	16,	0),
(2548,	56,	4,	1,	8,	17,	0),
(2549,	56,	4,	1,	8,	18,	0),
(2550,	56,	4,	1,	8,	19,	0),
(2551,	56,	4,	1,	8,	20,	0),
(2552,	56,	4,	1,	9,	1,	0),
(2553,	56,	4,	1,	9,	2,	0),
(2554,	56,	4,	1,	9,	3,	0),
(2555,	56,	4,	1,	9,	4,	0),
(2556,	56,	4,	1,	9,	5,	0),
(2557,	56,	4,	1,	9,	6,	0),
(2558,	56,	4,	1,	9,	7,	0),
(2559,	56,	4,	1,	9,	8,	0),
(2560,	56,	4,	1,	9,	9,	0),
(2561,	56,	4,	1,	9,	10,	0),
(2562,	56,	4,	1,	9,	11,	0),
(2563,	56,	4,	1,	9,	12,	0),
(2564,	56,	4,	1,	9,	13,	0),
(2565,	56,	4,	1,	9,	14,	0),
(2566,	56,	4,	1,	9,	15,	0),
(2567,	56,	4,	1,	9,	16,	0),
(2568,	56,	4,	1,	9,	17,	0),
(2569,	56,	4,	1,	9,	18,	0),
(2570,	56,	4,	1,	9,	19,	0),
(2571,	56,	4,	1,	9,	20,	0),
(2572,	56,	4,	1,	10,	1,	0),
(2573,	56,	4,	1,	10,	2,	0),
(2574,	56,	4,	1,	10,	3,	0),
(2575,	56,	4,	1,	10,	4,	0),
(2576,	56,	4,	1,	10,	5,	0),
(2577,	56,	4,	1,	10,	6,	0),
(2578,	56,	4,	1,	10,	7,	0),
(2579,	56,	4,	1,	10,	8,	0),
(2580,	56,	4,	1,	10,	9,	0),
(2581,	56,	4,	1,	10,	10,	0),
(2582,	56,	4,	1,	10,	11,	0),
(2583,	56,	4,	1,	10,	12,	0),
(2584,	56,	4,	1,	10,	13,	0),
(2585,	56,	4,	1,	10,	14,	0),
(2586,	56,	4,	1,	10,	15,	0),
(2587,	56,	4,	1,	10,	16,	0),
(2588,	56,	4,	1,	10,	17,	0),
(2589,	56,	4,	1,	10,	18,	0),
(2590,	56,	4,	1,	10,	19,	0),
(2591,	56,	4,	1,	10,	20,	0),
(2592,	57,	1,	1,	1,	1,	0),
(2593,	57,	1,	1,	1,	2,	0),
(2594,	57,	1,	1,	1,	3,	0),
(2595,	57,	1,	1,	1,	4,	0),
(2596,	57,	1,	1,	1,	5,	0),
(2597,	57,	1,	1,	1,	6,	0),
(2598,	57,	1,	1,	1,	7,	0),
(2599,	57,	1,	1,	1,	8,	0),
(2600,	57,	1,	1,	1,	9,	0),
(2601,	57,	1,	1,	1,	10,	0),
(2602,	57,	1,	1,	2,	1,	0),
(2603,	57,	1,	1,	2,	2,	0),
(2604,	57,	1,	1,	2,	3,	0),
(2605,	57,	1,	1,	2,	4,	0),
(2606,	57,	1,	1,	2,	5,	0),
(2607,	57,	1,	1,	2,	6,	0),
(2608,	57,	1,	1,	2,	7,	0),
(2609,	57,	1,	1,	2,	8,	0),
(2610,	57,	1,	1,	2,	9,	0),
(2611,	57,	1,	1,	2,	10,	0),
(2612,	57,	1,	1,	3,	1,	0),
(2613,	57,	1,	1,	3,	2,	0),
(2614,	57,	1,	1,	3,	3,	0),
(2615,	57,	1,	1,	3,	4,	0),
(2616,	57,	1,	1,	3,	5,	0),
(2617,	57,	1,	1,	3,	6,	0),
(2618,	57,	1,	1,	3,	7,	0),
(2619,	57,	1,	1,	3,	8,	0),
(2620,	57,	1,	1,	3,	9,	0),
(2621,	57,	1,	1,	3,	10,	0),
(2622,	57,	1,	1,	4,	1,	0),
(2623,	57,	1,	1,	4,	2,	0),
(2624,	57,	1,	1,	4,	3,	0),
(2625,	57,	1,	1,	4,	4,	0),
(2626,	57,	1,	1,	4,	5,	0),
(2627,	57,	1,	1,	4,	6,	0),
(2628,	57,	1,	1,	4,	7,	0),
(2629,	57,	1,	1,	4,	8,	0),
(2630,	57,	1,	1,	4,	9,	0),
(2631,	57,	1,	1,	4,	10,	0),
(2632,	57,	1,	1,	5,	1,	0),
(2633,	57,	1,	1,	5,	2,	0),
(2634,	57,	1,	1,	5,	3,	0),
(2635,	57,	1,	1,	5,	4,	0),
(2636,	57,	1,	1,	5,	5,	0),
(2637,	57,	1,	1,	5,	6,	0),
(2638,	57,	1,	1,	5,	7,	0),
(2639,	57,	1,	1,	5,	8,	0),
(2640,	57,	1,	1,	5,	9,	0),
(2641,	57,	1,	1,	5,	10,	0),
(2642,	57,	1,	1,	6,	1,	0),
(2643,	57,	1,	1,	6,	2,	0),
(2644,	57,	1,	1,	6,	3,	0),
(2645,	57,	1,	1,	6,	4,	0),
(2646,	57,	1,	1,	6,	5,	0),
(2647,	57,	1,	1,	6,	6,	0),
(2648,	57,	1,	1,	6,	7,	0),
(2649,	57,	1,	1,	6,	8,	0),
(2650,	57,	1,	1,	6,	9,	0),
(2651,	57,	1,	1,	6,	10,	0),
(2652,	57,	1,	1,	7,	1,	0),
(2653,	57,	1,	1,	7,	2,	0),
(2654,	57,	1,	1,	7,	3,	0),
(2655,	57,	1,	1,	7,	4,	0),
(2656,	57,	1,	1,	7,	5,	0),
(2657,	57,	1,	1,	7,	6,	0),
(2658,	57,	1,	1,	7,	7,	0),
(2659,	57,	1,	1,	7,	8,	0),
(2660,	57,	1,	1,	7,	9,	0),
(2661,	57,	1,	1,	7,	10,	0),
(2662,	57,	1,	1,	8,	1,	0),
(2663,	57,	1,	1,	8,	2,	0),
(2664,	57,	1,	1,	8,	3,	0),
(2665,	57,	1,	1,	8,	4,	0),
(2666,	57,	1,	1,	8,	5,	0),
(2667,	57,	1,	1,	8,	6,	0),
(2668,	57,	1,	1,	8,	7,	0),
(2669,	57,	1,	1,	8,	8,	0),
(2670,	57,	1,	1,	8,	9,	0),
(2671,	57,	1,	1,	8,	10,	0),
(2672,	57,	1,	1,	9,	1,	0),
(2673,	57,	1,	1,	9,	2,	0),
(2674,	57,	1,	1,	9,	3,	0),
(2675,	57,	1,	1,	9,	4,	0),
(2676,	57,	1,	1,	9,	5,	0),
(2677,	57,	1,	1,	9,	6,	0),
(2678,	57,	1,	1,	9,	7,	0),
(2679,	57,	1,	1,	9,	8,	0),
(2680,	57,	1,	1,	9,	9,	0),
(2681,	57,	1,	1,	9,	10,	0),
(2682,	57,	1,	1,	10,	1,	0),
(2683,	57,	1,	1,	10,	2,	0),
(2684,	57,	1,	1,	10,	3,	0),
(2685,	57,	1,	1,	10,	4,	0),
(2686,	57,	1,	1,	10,	5,	0),
(2687,	57,	1,	1,	10,	6,	0),
(2688,	57,	1,	1,	10,	7,	0),
(2689,	57,	1,	1,	10,	8,	0),
(2690,	57,	1,	1,	10,	9,	0),
(2691,	57,	1,	1,	10,	10,	0);

DROP TABLE IF EXISTS `slevy`;
CREATE TABLE `slevy` (
  `id_slevy` int(11) NOT NULL AUTO_INCREMENT,
  `jmeno_slevy` varchar(255) NOT NULL,
  PRIMARY KEY (`id_slevy`)
) ENGINE=InnoDB DEFAULT CHARSET=latin1;


DROP TABLE IF EXISTS `status`;
CREATE TABLE `status` (
  `id_status` int(11) NOT NULL AUTO_INCREMENT,
  `nazev` varchar(255) COLLATE utf8_unicode_ci NOT NULL,
  PRIMARY KEY (`id_status`)
) ENGINE=InnoDB DEFAULT CHARSET=utf8 COLLATE=utf8_unicode_ci;

INSERT INTO `status` (`id_status`, `nazev`) VALUES
(1,	'Volná'),
(2,	'Rezervovaná'),
(3,	'Koupená');

DROP TABLE IF EXISTS `status_sedacky`;
CREATE TABLE `status_sedacky` (
  `id_status_sedacky` int(11) NOT NULL AUTO_INCREMENT,
  `nazev` varchar(255) NOT NULL,
  PRIMARY KEY (`id_status_sedacky`)
) ENGINE=InnoDB DEFAULT CHARSET=latin1;

INSERT INTO `status_sedacky` (`id_status_sedacky`, `nazev`) VALUES
(1,	'rezervace'),
(2,	'zabrana');

DROP TABLE IF EXISTS `typy_promitani`;
CREATE TABLE `typy_promitani` (
  `id_typu_promitani` int(11) NOT NULL AUTO_INCREMENT,
  `nazev` varchar(255) NOT NULL,
  PRIMARY KEY (`id_typu_promitani`)
) ENGINE=InnoDB DEFAULT CHARSET=latin1;

INSERT INTO `typy_promitani` (`id_typu_promitani`, `nazev`) VALUES
(1,	'2D'),
(2,	'3D');

DROP TABLE IF EXISTS `zakaznici`;
CREATE TABLE `zakaznici` (
  `id_zakaznika` int(11) NOT NULL AUTO_INCREMENT,
  `id_role` int(255) NOT NULL,
  `status_zakaznika` varchar(255) NOT NULL,
  `datumcas` datetime NOT NULL,
  `email` varchar(255) NOT NULL,
  `jmeno` varchar(255) NOT NULL,
  `prijmeni` varchar(255) NOT NULL,
  `heslo` varchar(255) NOT NULL,
  PRIMARY KEY (`id_zakaznika`)
) ENGINE=InnoDB DEFAULT CHARSET=latin1;

INSERT INTO `zakaznici` (`id_zakaznika`, `id_role`, `status_zakaznika`, `datumcas`, `email`, `jmeno`, `prijmeni`, `heslo`) VALUES
(1,	0,	'registrovany',	'0000-00-00 00:00:00',	'aaa@aaa',	'aaa',	'aaa',	'24745d88e694550a55351315aa1a7043'),
(3,	0,	'registrovany',	'0000-00-00 00:00:00',	'ab@ab',	'aa',	'a',	'1898c275f58b717ce91d9b494ae9361d'),
(4,	0,	'registrovany',	'0000-00-00 00:00:00',	'bbb@bbb',	'bbb',	'bbb',	'e2fbca67b2e63195436cbd1571d13501'),
(5,	1,	'registrovany',	'0000-00-00 00:00:00',	'abc@abc',	'abc',	'abc',	'93bc6ec9a3e0393fdd87638915edaa17'),
(6,	0,	'registrovany',	'0000-00-00 00:00:00',	'abab@abab',	'abab',	'abab',	'5303c9d36583e4fa96c64c7a16d60b19');

-- 2018-04-19 06:35:54
